{
  "exp_id": "smart__gpt4__zero_shot__medium__full_context",
  "best_run_idx": 0,
  "best_metrics": {
    "accuracy": 0.7209821428571429,
    "precision": 0.711347911628232,
    "recall": 0.6308239773447111,
    "f1": 0.6499809937076491,
    "kappa": 0.6780721118469464
  },
  "consistency": {
    "mean_kappa": 0.6780721118469464,
    "std_kappa": 0.0,
    "icc": NaN,
    "kappas_per_run": [
      0.6780721118469464
    ]
  }
}