{
  "exp_id": "smart__gpt4__few_shot__long__full_context",
  "best_run_idx": 0,
  "best_metrics": {
    "accuracy": 0.7522321428571429,
    "precision": 0.7766116424198185,
    "recall": 0.7302107088985115,
    "f1": 0.7353758287148122,
    "kappa": 0.7142627302710964
  },
  "consistency": {
    "mean_kappa": 0.7142627302710964,
    "std_kappa": 0.0,
    "icc": NaN,
    "kappas_per_run": [
      0.7142627302710964
    ]
  }
}